Key,Id,Shared Comments,Spanish(es),Spanish(es) Comments,Spanish (Mexico)(es-MX),Spanish (Mexico)(es-MX) Comments,English(en),English(en) Comments,Japanese (Japan)(ja-JP),Japanese (Japan)(ja-JP) Comments
CASTER_DIALOGUE_PROLOGUE_1,1,,"Buenas noches, gracias a todos por acudir a este concierto benéfico.",,,,"Good evening, thank you all for coming to this charity concert.",,こんばんは、チャリティーコンサートにご来場いただきました皆様、誠にありがとうございました。,
CASTER_DIALOGUE_PROLOGUE_2,2,,Y muchas gracias al donante anónimo que ha donado cincuenta mil euros para la fundación patitas peluditas.,,,,And many thanks to the anonymous donor who has donated fifty thousand euros to the Patitas peluditas foundation.,,そして、パティタス・ペルディタス財団に5万ユーロを寄付してくれた匿名の寄付者に深く感謝します。,
CASTER_DIALOGUE_PROLOGUE_3,3,,Ahora esos gatitos podrán ser mimados hasta la saciedad.,,,,Now those kittens can be spoiled to death.,,今、それらの子猫は甘やかされて死ぬ可能性があります。,
CARLOS_DIALOGUE_PROLOGUE_1,4,,¿De verdad me has hecho venir a un concierto de rock solo para una asociación de gatitos…?,,,,You really made me come to a rock concert just for a kitten association...?,,本当に子猫協会のためだけにロックコンサートに来させたのか…？,
CARLOS_DIALOGUE_PROLOGUE_2,5,,"No pasa na’, es rock del bueno por una vez. Aunque darlo en una discoteca tiene tela...",,,,"It's okay, it's good rock for once. Although giving it in a nightclub has something to do with it...",,大丈夫、一度はいいロックだよ。ナイトクラブで渡すのも関係ありますが…。,
CARLOS_DIALOGUE_PROLOGUE_3,6,,"Oye Carlos, ¿como que el rockero ese del escenario no está mal no? ",,,,"Hey Carlos, that rocker on stage isn't bad, right? ",,おい、カルロス、ステージ上のあのロッカーは悪くないだろ？ ,
CARLOS_DIALOGUE_PROLOGUE_4,7,,¿A este no le pillaron conduciendo bajo los efectos de las drogas hace un año?,,,,Didn't this guy get caught driving under the influence a year ago?,,この人は1年前に飲酒運転で捕まりませんでしたか？,
CARLOS_DIALOGUE_PROLOGUE_5,8,,Ahora que lo dices su cara me suena un poco.,,,,"Now that you say it, his face sounds a little familiar to me.",,そう言われてみると、彼の顔には少し見覚えがあるような気がします。,
CARLOS_DIALOGUE_PROLOGUE_6,9,,¿Este no es el pavo de las noticias que le estafó a Hacienda 200 mil euros?,,,,Isn't this the news guy who defrauded the Treasury of 200 thousand euros?,,これは財務省から20万ユーロをだまし取ったニュースマンではないのか？,
CARLOS_DIALOGUE_PROLOGUE_7,10,,Lo dices como si te extrañara que un artista defraude a Hacienda.,,,,You say it as if you are surprised that an artist defrauds the Treasury.,,あなたは芸術家が財務省をだまし取ったことに驚いているかのようにそれを言います。,
CARLOS_DIALOGUE_PROLOGUE_8,11,,Más me extraña que ahora me monte un paripé de acto benéfico.,,,,I'm even more surprised that now I'm putting on a charity event.,,今ではチャリティーイベントをやっているというからさらに驚きです。,
CARLOS_DIALOGUE_PROLOGUE_9,12,,Será para lavar su imagen.,,,,It will be to wash his image.,,それは彼のイメージを洗い流すことになるだろう。,
CARLOS_DIALOGUE_PROLOGUE_10,13,,Pero solo hemos venido 6 personas.,,,,But only 6 people have come.,,しかし来たのは6人だけ。,
CARLOS_DIALOGUE_PROLOGUE_11,14,,"Normal, a ver quien se va a tragar esto después de que su geta aparezca en Antena 3. ",,,,"Normal, let's see who is going to swallow this after his geta appears on Antena 3. ",,通常、Antena 3 に下駄が登場した後、誰がこれを飲み込むか見てみましょう。 ,
CARLOS_DIALOGUE_PROLOGUE_12,15,,Podría ser peor.,,,,It could be worse.,,さらに悪化する可能性もあります。,
CARLOS_DIALOGUE_PROLOGUE_13,16,,Podría haber aparecido en la isla de las tentaciones.,,,,He could have appeared on Temptation Island.,,彼は誘惑の島に現れるかもしれません。,
CARLOS_DIALOGUE_PROLOGUE_14,17,,Ya que hemos salido antes del curro.,,,,Since we left work early.,,仕事を早く終えたので。,
CARLOS_DIALOGUE_PROLOGUE_15,18,,"Y estoy hasta el moño de que si rellena este documento para el juicio, clasificame las pistas por allá.",,,,"And I'm sick and tired of the fact that if you fill out this document for the trial, classify the clues there for me.",,そして、裁判のためにこの書類に記入したら、そこにある手がかりを私の代わりに分類してくださいという事実にはうんざりしています。,
CARLOS_DIALOGUE_PROLOGUE_16,19,,"Y que estaban los carteles puestos en los cristales de la oficina, pues he dicho why not?",,,,"And the posters were posted on the windows of the office, well I said why not?",,ポスターはオフィスの窓に貼られていました。私は、なぜ貼らないのかと言いました。,
CARLOS_DIALOGUE_PROLOGUE_17,20,,"Nos tomamos un mojito, buena musiquita y a dormir.",,,,"We had a mojito, good music and went to sleep.",,私たちはモヒートを飲み、良い音楽を飲み、眠りに就きました。,
FERNANDO_TIFFANY_DIALOGUE_1_1,21,,¿Has visto Fernancuchi? Ya te dije que el fumeta de mi ex estaría hoy aquí dando el concierto.,,,,Have you seen Fernancuchi? I already told you that my stoner ex would be here giving the concert today.,,フェルナンクチを見たことがありますか？私のストーナーの元が今日ここでコンサートをする予定であることはすでに言いました。,
FERNANDO_TIFFANY_DIALOGUE_1_2,22,,"Más bien dando la nota querrás decir. De cualquier manera gracias por decirmelo, te aseguro que caerá sobre él todo el peso de la hacienda pública.",,,,"More like giving the note you mean. In any case, thank you for telling me, I assure you that the entire weight of the public treasury will fall on him.",,あなたが意味するメモを与えるようなものです。いずれにせよ、教えてくれてありがとう、国庫のすべての重みが彼にのしかかることを保証します。,
FERNANDO_TIFFANY_DIALOGUE_1_3,23,,"Lo que sea por ti Fernancuchi querido, pero quita a este tio de mi vista.",,,,"Anything for you Fernancuchi dear, but get this guy out of my sight.",,フェルナンクチ君のためなら何でもいいけど、この男を私の視界から遠ざけてください。,
FERNANDO_TIFFANY_DIALOGUE_1_4,24,,"Ay si hablando de otra cosa, vi esta mañana en Cartier un anillo precioso de Ópalo con incrustaciones de Swarovski y lo quieeeeeeeero…..",,,,"Oh yes, speaking of something else, I saw this morning at Cartier a beautiful Opal ring with Swarovski inlays and I want it...",,そうそう、別の話ですが、今朝カルティエでスワロフスキーのインレイが付いた美しいオパールのリングを見つけたので、欲しいです...,
FERNANDO_TIFFANY_DIALOGUE_1_5,25,," Vale, te daré lo que quieras. Pero alejate no quiero que nos vean juntos en público. *Beber de la copa*",,,," Okay, I'll give you whatever you want. But stay away, I don't want them to see us together in public. *Drink from the cup*",, わかった、あなたが欲しいものは何でもあげます。でも近づかないでください、私たちが公の場で一緒にいるところを彼らに見られたくないのです。 ＊カップからお飲みください＊,
TRISTAN_AGAN_DIALOGUE_1_1,26,,"¿Qué estamos haciendo aquí, Agan? No entiendo por qué me arrastraste a venir a este concierto…",,,,"What are we doing here, Agan? I don't understand why you dragged me to come to this concert...",,私たちはここで何をしているのですか、アガン？なぜあなたが私をこのコンサートに引きずり込んだのか分かりません...,
TRISTAN_AGAN_DIALOGUE_1_2,27,,Es una oportunidad única para analizar la acústica del lugar. Es perfecto para la nueva tesis que estoy desarrollando. ,,,,It is a unique opportunity to analyze the acoustics of the place. It is perfect for the new thesis I am developing. ,,それはその場所の音響を分析するまたとない機会です。私が開発中の新しい論文に最適です。 ,
TRISTAN_AGAN_DIALOGUE_1_3,28,,¿Has considerado cómo las ondas sonoras se dispersan en un entorno tan amplio y cómo afecta eso a nuestra percepción del sonido?,,,,Have you considered how sound waves disperse in such a wide environment and how that affects our perception of sound?,,音波がこのような広い環境でどのように分散するのか、そしてそれが私たちの音の知覚にどのような影響を与えるのかを考えたことがありますか?,
TRISTAN_AGAN_DIALOGUE_1_4,29,,"Bueno, no realmente. Estoy más preocupado por cómo la multitud va a abrumarme y me hará sentir aún peor. ",,,,"Well, not really. I'm more worried about how the crowd is going to overwhelm me and make me feel even worse. ",,いや、そうではありません。それよりも、群衆に圧倒されてさらに気分が悪くなるのではないかと心配しています。 ,
TRISTAN_AGAN_DIALOGUE_1_5,30,,"Solo soy tu compañero de piso, pero arrastrarme a tus desquiciados experimentos no es asunto mío.",,,,"I'm just your roommate, but dragging me into your crazy experiments is none of my business.",,私はあなたの単なるルームメイトですが、私をあなたのクレイジーな実験に引きずり込むことは私の仕事ではありません。,
TRISTAN_AGAN_DIALOGUE_1_6,31,,"Entiendo que estés preocupado, Tristan. ",,,,"I understand you're worried, Tristan. ",,心配しているのはわかるよ、トリスタン。 ,
TRISTAN_AGAN_DIALOGUE_1_7,32,,"Pero mira, podemos calcular la densidad de personas por metro cuadrado y estimar cuánto espacio vital tenemos. ",,,,"But look, we can calculate the density of people per square meter and estimate how much living space we have. ",,しかし、私たちは平方メートルあたりの人の密度を計算し、どれだけの居住空間があるかを推定することができます。 ,
TRISTAN_AGAN_DIALOGUE_1_8,33,,¿Qué densidad ni que ocho cuartos? ¡Si somos tres pelagatos aquí! ¿Me dejas irme al apartamento de una vez?,,,,What density or eight quarters? We are three idiots here! Can you let me go to the apartment at once?,,密度または 8 四半期は何ですか?ここにいる私たちは3人のバカです！すぐにアパートに行かせてもらえますか？,
TRISTAN_AGAN_DIALOGUE_1_9,34,,"Además, podríamos medir el nivel de ruido ambiental y ver cómo se relaciona con tu experiencia emocional…",,,,"Additionally, we could measure the level of ambient noise and see how it relates to your emotional experience…",,さらに、周囲の騒音のレベルを測定し、それがあなたの感情的な経験にどのように関係しているかを確認することもできます…,
TRISTAN_AGAN_DIALOGUE_1_10,35,,No estoy seguro de que mis emociones sigan una fórmula matemática tan clara…,,,,I'm not sure my emotions follow such a clear mathematical formula...,,私の感情がこれほど明確な数式に従っているかどうかはわかりません...,
TRISTAN_AGAN_DIALOGUE_1_11,36,,"Te noto incluso más ansioso y depresivo que de costumbre, ¡magnifico!",,,,"I notice you even more anxious and depressed than usual, wonderful!",,あなたがいつもよりもさらに不安で落ち込んでいることに気づきました、素晴らしいですね！,
TRISTAN_AGAN_DIALOGUE_1_12,37,,"Bueno, la mente humana es compleja, pero aún sigue patrones predecibles en muchos aspectos. ",,,,"Well, the human mind is complex, but it still follows predictable patterns in many ways. ",,人間の心は複雑ですが、それでも多くの点で予測可能なパターンに従います。 ,
TRISTAN_AGAN_DIALOGUE_1_13,38,,Podríamos intentar modelar tu estado de ánimo y ver si podemos encontrar alguna correlación con variables ambientales.,,,,We could try to model your mood and see if we can find any correlation with environmental variables.,,あなたの気分をモデル化して、環境変数との相関関係が見つかるかどうかを確認してみることもできます。,
TRISTAN_AGAN_DIALOGUE_1_14,39,,"Agan, eres un tipo extraño, pero aprecio que intentes ayudame a salir un poco de mi cuarto por una vez.",,,,"Agan, you're a strange guy, but I appreciate you trying to help me get out of my room for once.",,アガン、あなたは変な人だけど、一度だけ部屋から出るのを手伝ってくれてありがとう。,
TRISTAN_AGAN_DIALOGUE_1_15,40,,"¡Genial! ¡Vamos a hacer de este concierto una experiencia científica inolvidable, Tristan! ",,,,"Brilliant! Let's make this concert an unforgettable scientific experience, Tristan! ",,素晴らしい！このコンサートを忘れられない科学体験にしましょう、トリスタン！ ,
TRISTAN_AGAN_DIALOGUE_1_16,41,,"Y quién sabe, tal vez descubramos algo que pueda ayudarte a sentirte mejor.",,,,"And who knows, maybe we'll discover something that can help you feel better.",,そして、もしかしたら、あなたの気分を良くするのに役立つ何かが見つかるかも知れません。,
TRISTAN_AGAN_DIALOGUE_1_17,42,,Callate.,,,,Be quiet.,,静かに。,
DIALOGUE_GETPOISON_1,43,,Se ha añadido la bebida envenenada al inventario.,,,,The poisoned drink has been added to the inventory.,,毒入りドリンクがインベントリに追加されました。,
DIALOGUE_GETPOISON_2,44,,Parece que tenemos una pista sobre el asesino.,,,,Looks like we have a lead on the killer.,,犯人の手がかりが得られたようだ。,
ALEX_FERNANDO_ARGUMENT_1,45,,*Alex se da cuenta de que Fernado se encuentra entre el público y empieza a ponerse ansioso*,,,,*Alex notices that Fernando is in the audience and starts to get anxious*,,*アレックスはフェルナンドが観客の中にいることに気づき、不安になり始めます*,
ALEX_FERNANDO_ARGUMENT_2,46,ALEX,Ay mi madre. ¿Pero que hace este vejestorio aqui otra vez?,,,,Oh my mother. But what is this geezer doing here again?,,ああ、母さん。しかし、このオタクはまたここで何をしているのでしょうか？,
ALEX_FERNANDO_ARGUMENT_3,47,FERNANDO,"Caster baja que tenemos que hablar de tus cuentas pendientes, esta vez no vas a librarte.",,,,"Caster comes down, we have to talk about your pending bills, this time you're not going to get away.",,キャスターが降りてきました。保留中の請求書について話さなければなりません。今回は逃げるつもりはありません。,
ALEX_FERNANDO_ARGUMENT_4,48,ALEX,"Venga tío, ¿tiene que ser aqui delante de mi público? Aunque sea vamos a la sala privada un momento.",,,,"Come on man, does it have to be here in front of my audience? Even if it's just let's go to the private room for a moment.",,おいおい、ここで私の聴衆の前にいる必要があるのか​​？ちょっとだけでも個室に行きましょう。,
ALEX_FERNANDO_ARGUMENT_5,49,ALEX,"Quiero dar un espectáculo pero no precisamente de este tipo, ¿me entiendes?",,,,"I want to put on a show but not exactly this type, do you understand me?",,私はショーをしたいのですが、まったくそのようなタイプではありません、あなたは私の考えを理解していますか？,
ALEX_FERNANDO_ARGUMENT_6,50,FERNANDO,"Como prefieras, pero no vas a seguir escaqueándote como de costumbre.",,,,"As you prefer, but you are not going to continue shirking as usual.",,あなたが望むように、しかし、あなたはいつものように避け続けるつもりはありません。,
ALEX_FERNANDO_ARGUMENT_7,51,ALEX,"Que si, que si, jesús...",,,,"Yes, yes, Jesus...",,はい、はい、イエス様…,
ALEX_FERNANDO_ARGUMENT_8,52,,*Alex y Fernando se van a la sala privada de la parte norte a hablar solos*,,,,*Alex and Fernando go to the private room on the north side to talk alone*,,*アレックスとフェルナンドは北側の個室に行き二人きりで話す*,
ALEX_FERNANDO_ARGUMENT_9,53,FERNANDO,"Mira Alex, esta es la última vez que vengo a avisarte y creo que he sido demasiado permisivo.",,,,"Look Alex, this is the last time I come to warn you and I think I have been too permissive.",,いいか、アレックス、私があなたに警告しに来るのはこれが最後だけど、私は寛容すぎたと思う。,
ALEX_FERNANDO_ARGUMENT_10,54,FERNANDO,"Pero si no pagas la deuda que debes en una semana, voy a tener que tomarme el asunto por mis manos.",,,,"But if you don't pay the debt you owe in a week, I'm going to have to take matters into my own hands.",,でも、一週間以内に借金を返済しなかったら、私が自分の手で問題を解決しなければなりません。,
ALEX_FERNANDO_ARGUMENT_11,55,FERNANDO,¿A qué demonios te estás refiriendo?,,,,What the hell are you referring to?,,一体何のことを言ってるの？,
ALEX_FERNANDO_ARGUMENT_12,56,FERNANDO,"O pagas, o le digo a tu querida princesita que el acto benéfico es solo una mentira y que el dinero es para tu uso personal.",,,,"Either you pay, or I tell your dear little princess that the charity event is just a lie and that the money is for your personal use.",,あなたが支払うか、あなたの愛する小さなプリンセスに、チャリティーイベントは単なる嘘であり、そのお金はあなたの個人的な使用のためであると伝えてください。,
ALEX_FERNANDO_ARGUMENT_13,57,ALEX,¡Eso es mentira y lo sabes! Jamás mentiria a Tiffany. El dinero es sólo para su organización.,,,,That's a lie and you know it! I would never lie to Tiffany. The money is only for your organization.,,それは嘘です、そしてあなたはそれを知っています！私はティファニーに決して嘘をつきません。お金はあなたの組織のためだけにあります。,
ALEX_FERNANDO_ARGUMENT_14,58,FERNANDO,Pero eso ella no lo sabe. O pagas o le digo que es todo una argucia tuya para quedarte con mitad del dinero que saques del concierto.,,,,But she doesn't know that. Either you pay or I tell him that it's all a ruse on your part to keep half of the money you get from the concert.,,しかし、彼女はそれを知りません。あなたが払うか、コンサートで得たお金の半分を手元に置いておくためのあなたの側の策略だと私が彼に言うかのどちらかです。,
ALEX_FERNANDO_ARGUMENT_15,59,FERNANDO,Y después la dire que yo he venido aquí para impedirtelo. *Se engatusa el tupé dramáticamente*,,,,And then I will tell her that I have come here to stop you. *Flicks his toupee dramatically*,,そして、私はあなたを止めるためにここに来たと彼女に伝えます。 *カツラを劇的にひっくり返す*,
ALEX_FERNANDO_ARGUMENT_16,60,ALEX,¡Serás...!,,,,You will...!,,あなたはするであろう...！,
ALEX_FERNANDO_ARGUMENT_17,61,,*Se escuchan muchos gritos y voces desde el interior de la sala VIP*,,,,*Many screams and voices can be heard from inside the VIP room*,,※VIPルーム内からは悲鳴や声が多数聞こえます※,
ALEX_FERNANDO_ARGUMENT_18,62,ALEX,¡¿Pero qué narices?!,,,,But what the hell?!,,しかし、一体何だ？,
ALEX_FERNANDO_ARGUMENT_19,63,,*Alex aparece en la sala jadeando y con cara de puro terror*,,,,*Alex appears in the room panting and with a face of pure terror*,,*アレックスは息を切らし、純粋な恐怖の表情で部屋に現れます*,
ALEX_FERNANDO_ARGUMENT_20,64,ALEX,"¡Oigan, tenemos un problema! ¡Al viejo le ha dado un ataque a la patata o qué se yo!",,,,"Hey, we have a problem! The old man has had a potato attack or what do I know!",,やあ、問題があるんです！老人はジャガイモの発作を起こしました、それとも私は何を知っていますか？,
SELENE_BEFOREDISASTER_1,65,SELENE,¿Y esos gritos? Carlos creo que le ha pasado algo a Alex.,,,,"And those screams? Carlos, I think something has happened to Alex.",,そしてあの叫び声は？カルロス、アレックスに何かが起こったようです。,
SELENE_BEFOREDISASTER_2,66,CARLOS,Deberíamos acercarnos a ver que sucede.,,,,We should get closer to see what's happening.,,何が起こっているのかを見るためにもっと近づいてみましょう。,
CARLOS_BEFOREDISASTER_1,67,CARLOS,"¿Alex que sucede, va todo bien?",,,,"Alex, what's wrong, is everything okay?",,アレックス、どうしたの、大丈夫？,
CARLOS_BEFOREDISASTER_2,68,ALEX,¡¿Todo bien?! ¡Te digo que al viejo le ha dado un apechusque!,,,,"All good?! I'm telling you, the old man has had a hard time!",,大丈夫ですか？言っておきますが、おじいさんは大変な思いをしてきました！,
CARLOS_BEFOREDISASTER_3,69,CARLOS,Respira y cuéntanos que ha pasado.,,,,Breathe and tell us what happened.,,息を吸って、何が起こったのか話してください。,
CARLOS_BEFOREDISASTER_4,70,ALEX,"Verás, tengo unos problemitas con el señor Fernando, nada grave.",,,,"You see, I have some little problems with Mr. Fernando, nothing serious.",,ご存知のとおり、フェルナンドさんとはちょっとした問題がありますが、深刻なものではありません。,
CARLOS_BEFOREDISASTER_5,71,ALEX,"Estábamos conversando, me calente sin querer y fui a agarrarle al cuello para que se callara.",,,,"We were talking, I accidentally got hot and went to grab him by the neck to make him shut up.",,話していて、うっかり熱くなってしまったので、黙らせようと首を掴みに行きました。,
CARLOS_BEFOREDISASTER_6,72,ALEX,¡Pero te juro que no me dio tiempo a apretar las manos demasiado fuerte como para matarlo!,,,,But I swear I didn't have time to squeeze my hands too hard to kill him!,,しかし、彼を殺すために手を握りすぎている時間はなかったと誓います。,
CARLOS_BEFOREDISASTER_7,73,ALEX,Cuando me di cuenta el viejo ya tenia sangre en la boca y no estaba respirando. ,,,,"When I realized it, the old man already had blood in his mouth and was not breathing. ",,気が付くと、老人はすでに口の中に血が流れ、息をしていなかった。 ,
CARLOS_BEFOREDISASTER_8,74,SELENE,*Miro a Carlos de reojo*,,,,*I look at Carlos out of the corner of my eye*,,*目の端でカルロスを見つめます*,
CARLOS_BEFOREDISASTER_9,75,CARLOS,¿Hora de investigar? ,,,,Time to investigate? ,,調査する時間はありますか? ,
CARLOS_BEFOREDISASTER_10,76,SELENE,Yup.,,,,Yup.,,うん。,
CARLOS_BEFOREDISASTER_11,77,CARLOS,Nosotros nos ocupamos Alex.,,,,We take care of it Alex.,,アレックス、私たちが大事にします。,
CARLOS_BEFOREDISASTER_12,78,CARLOS,Somos detectives privados. *Carlos enseña la placa*,,,,We are private detectives. *Carlos shows the badge*,,私たちは私立探偵です。 *カルロスがバッジを見せる*,
CARLOS_BEFOREDISASTER_13,79,CARLOS,"Estábamos de descanso y vinimos al ver el concierto para relajarnos un poco, pero parece que es hora de trabajar.",,,,"We were on break and came after the concert to relax a little, but it seems like it's time to work.",,私たちは休憩中だったので、コンサートの後に少しリラックスするために来ましたが、どうやら仕事の時間のようです。,
CARLOS_BEFOREDISASTER_14,80,,Se ha añadido el perfil de Alex al menú de perfiles,,,,Alex's profile has been added to the profile menu,,アレックスのプロフィールがプロフィールメニューに追加されました,
CARLOS_BEFOREDISASTER_15,81,SELENE,Por cierto.,,,,By the way.,,ところで。,
CARLOS_BEFOREDISASTER_16,82,SELENE,"Tú, si tú, el que está pasando mis diálogos sin ton ni son.",,,,"You, yes you, the one who is passing my dialogues without rhyme or reason.",,あなたは、そうです、あなたは、韻も理由もなく私の対話を通過している人です。,
CARLOS_BEFOREDISASTER_17,83,SELENE,Cuando investiguemos la escena e interroguemos a los testigos...,,,,When we investigate the scene and question witnesses...,,現場を調べて目撃者を尋問すると…。,
CARLOS_BEFOREDISASTER_18,84,SELENE,Puedes ver los perfiles y las pistas reunidas pulsando [TAB].,,,,You can view the profiles and collected tracks by pressing [TAB].,,[TAB] を押すと、プロファイルと収集したトラックを表示できます。,
CARLOS_BEFOREDISASTER_19,85,SELENE,"Bueno, ¡al lío!",,,,"Well, let's get to it!",,さて、それでは始めましょう！,
PELUQUIN_01,86,CARLOS,Espera... ¿esto es un peluquín?,,,,Wait... this is a toupee?,,待ってください...これはカツラですか？,
PELUQUIN_02,87,SELENE,"Carlos, ¿me estás tomando el pelo? Pfffhaha... *Se limpia una lagrimilla*",,,,"Carlos, are you kidding me? Pfffhaha... *wipes a tear*",,カルロス、冗談ですか？ふふはは... *涙を拭く*,
PELUQUIN_03,88,,"Has obtenido el peluquín de Fernando, !PUAJ!",,,,"You have obtained Fernando's toupee, YUCK!",,フェルナンドのカツラを手に入れました、ヤッ！,
CUELLO_01,89,SELENE,¿Te has dado cuenta de esto Carlos?,,,,Have you noticed this Carlos?,,このカルロスに気づきましたか？,
CUELLO_02,90,CARLOS,¿Qué sucede?,,,,What's going on?,,どうしたの？,
CUELLO_03,91,SELENE,"Mira bien, ¿no te resulta extraño el cuello?",,,,"Look closely, doesn't your neck look strange to you?",,よく見てください、首がおかしくありませんか？,
CUELLO_04,92,CARLOS,Ahora que lo dices... El cuerpo de Fernando no tiene marcas en el cuello.,,,,Now that you mention it... Fernando's body has no marks on his neck.,,そう言えば…フェルナンドの遺体の首には何の痕跡もありませんでした。,
CUELLO_05,93,CARLOS,Lo que dijo Alex Caster parece ser verdad. No tiene signos de un estrangulamiento fuerte.,,,,What Alex Caster said seems to be true. He has no signs of strong strangulation.,,アレックス・キャスターの言ったことは真実のようだ。強い絞殺の痕跡はない。,
CUELLO_06,94,SELENE,Ni tampoco tiene arañazos de autodefensa con sus uñas intentando liberarse. Que curioso...,,,,Nor does he have self-defense scratches with his nails trying to free himself. How curious...,,また、彼は自分自身を解放しようとして爪で自己防衛のための傷を負っているわけでもありません。なんて好奇心旺盛なんでしょう...,
CUELLO_07,95,,"Se ha añadido ""Marcas en el Cuello"" al bloc de notas.",,,,"""Marks on Neck"" has been added to the notebook.",,ノートに「首の跡」が追加されました。,
SANGRE_01,96,CARLOS,"Que escena tan grotesca, pobre señor.",,,,"What a grotesque scene, poor man.",,何というグロテスクな光景だ、可哀そうな人。,
SANGRE_02,97,CARLOS,"Tiene toda la boca encharcada de sangre, sea lo que fuere, parece bastante doloroso.",,,,"His whole mouth is covered in blood, whatever it is, it looks quite painful.",,口の中は血だらけで、とにかく痛そうです。,
SANGRE_03,98,SELENE,"Pero no parece que presente signos de axfisia, dudo que esa sangre tenga que ver con los pulmones.",,,,"But it doesn't seem to show signs of axiphysia, I doubt that the blood has anything to do with the lungs.",,しかし、軸索症の兆候はないようです、血液が肺と関係があるとは思えません。,
SANGRE_04,99,SELENE,"Tampoco presenta heridas en los labios ni el interior de la boca, lo mas probable es que tosiese y esa sangre venga del estómago.",,,,"There are also no wounds on the lips or inside the mouth, it is most likely that he coughed and that blood came from the stomach.",,唇や口の中にも傷はなく、咳をして胃から血が出た可能性が高い。,
SANGRE_05,100,SELENE,"Si te das cuenta, hay gotitas de sangre en su manga, asi que la idea de que tosió sangre me resulta lo más plausible.",,,,"If you notice, there are droplets of blood on his sleeve, so the idea that he coughed up blood seems the most plausible to me.",,気付けば袖に血滴が付いているので、喀血したという考えが一番有力に思えます。,
SANGRE_06,101,,"Se ha añadido ""Manchas de Sangre"" al bloc de notas",,,,"Added ""Blood Stains"" to the notebook",,ノートに「血痕」を追加しました,
FERNANDO_ADD_CHARACTER,102,,Se ha añadido el perfil de Fernando al menú de perfiles,,,,Fernando's profile has been added to the profile menu,,フェルナンドのプロフィールがプロフィールメニューに追加されました,
DIALOGUE_ACTIVATOR01_1,103,SELENE,"Esta claro que quien lo ha haecho es alguien de los aqui presentes, ya que ese tio estaba vivo antes de entrar a esta sala",,,,"It is clear that the person who did it is someone present here, since that guy was alive before entering this room.",,その男はこの部屋に入る前から生きていたので、それをしたのはここにいる誰かであることは明らかです。,
DIALOGUE_ACTIVATOR01_2,104,CARLOS,¿Crees que pudo haber sido Caster?,,,,Do you think it could have been Caster?,,それはキャスターだった可能性があると思いますか？,
DIALOGUE_ACTIVATOR01_3,105,SELENE,"Por desgracia, ellos 2 entraron a esta sala y solo uno de ellos ha salido vivo...",,,,"Unfortunately, the two of them entered this room and only one of them has come out alive...",,残念ながら、二人はこの部屋に入ってきて、生きて出てきたのは一人だけ…。,
DIALOGUE_ACTIVATOR01_4,106,CARLOS,Creo que deberiamos interrogar al resto de personas que estan en la otra sala alguno tiene que conocer a la victima,,,,I think we should question the rest of the people in the other room. Some of them have to know the victim.,,他の部屋にいる残りの人々に質問すべきだと思います。彼らの中には被害者を知っている人もいる。,
DIALOGUE_ACTIVATOR01_5,107,CARLOS,"Quitando a la víctima solo quedan 5 personas, con Alex son 6.",,,,"Removing the victim there are only 5 people left, with Alex there are 6.",,犠牲者を除くと残るのは5人だけ、アレックスを加えれば6人になる。,
DIALOGUE_ACTIVATOR01_6,108,SELENE,"Antes vi a la víctima hablando con una chica, deberiamos empezar por ella. Pero antes hablemos con Caster.",,,,"Earlier I saw the victim talking to a girl, we should start with her. But first let's talk to Caster.",,先ほど被害者が女の子と話しているのを見ましたが、彼女から始めるべきです。まずはキャスターに話しましょう。,
ALEX_BEFOREBODY_1,109,ALEX,¿Qué habéis averiguado?,,,,What have you found out?,,何が分かりましたか?,
ALEX_BEFOREBODY_2,110,CARLOS,Alex...Está muerto.,,,,Alex...He's dead.,,アレックス…彼は死んだ。,
ALEX_BEFOREBODY_3,111,ALEX,¿Qué? ¿Cómo? Si yo no lo maté.,,,,That? As? If I didn't kill him.,,それ？として？私が彼を殺さなかったら。,
ALEX_BEFOREBODY_4,112,SELENE,Creemos que la causa de la muerte no fue por extrangulamiento.,,,,We believe the cause of death was not strangulation.,,私たちは死因は絞殺ではないと考えています。,
ALEX_BEFOREBODY_5,113,SELENE,¿Seguro que no le hicistes nada?,,,,Are you sure you didn't do anything to him?,,本当に彼に何もしていないのですか？,
ALEX_BEFOREBODY_6,114,ALEX,"No, claro que no. No me caia bien, pero tampoco le mataría.",,,,"Of course not. I didn't like him, but I wouldn't kill him either.",,もちろん違います。私は彼のことが好きではなかったが、彼を殺すつもりもなかった。,
ALEX_BEFOREBODY_7,115,CARLOS,Lo único que sabemos es que entrasteis ustedes dos y solo uno salio vivo.,,,,The only thing we know is that you two went in and only one came out alive.,,私たちが知っている唯一のことは、あなた方二人が入って、生き残って出てきたのは一人だけだということです。,
ALEX_BEFOREBODY_8,116,SELENE,Podría contar exactamente que paso.,,,,I could tell you exactly what happened.,,何が起こったのかを正確に話すことができました。,
ALEX_BEFOREBODY_9,117,ALEX,Claro...,,,,Clear...,,クリア...,
ALEX_BEFOREBODY_10,118,ALEX,La victima es un agente de Hacienda que quería hacerme chantaje con contarle a mi ex que me iba a quedar con el dinero del concierto.,,,,The victim is a tax agent who wanted to blackmail me by telling my ex that I was going to keep the money from the concert.,,被害者は税務署員で、コンサートで得たお金を私が保管するつもりだと元恋人に告げて私を脅迫しようとしていた。,
ALEX_BEFOREBODY_11,119,ALEX,"Mi ex, es la dueña de la organizacion a la que le iba a donar el dinero y quería que viera que soy buena persona.",,,,My ex is the owner of the organization to which I was going to donate the money and I wanted her to see that I am a good person.,,私の元彼は私がお金を寄付する予定だった団体のオーナーなので、私が良い人間であることを彼女に見てもらいたかったのです。,
ALEX_BEFOREBODY_12,120,ALEX,"Ha venido como público, podeis hablar con ella.",,,,"She has come as an audience, you can talk to her.",,彼女は聴衆として来ています、あなたは彼女と話すことができます。,
ALEX_BEFOREBODY_13,121,SELENE,La única mujer que hay aqui es la que estaba con la victima.,,,,The only woman here is the one who was with the victim.,,ここにいる唯一の女性は被害者と一緒にいた女性です。,
ALEX_BEFOREBODY_14,122,CARLOS,Muy sospechoso la verdad.,,,,Very suspicious indeed.,,確かに非常に疑わしい。,
ALEX_BEFOREBODY_15,123,SELENE,Vamos a hablar con ella.,,,,Let's talk to her.,,彼女と話しましょう。,
TIFFANY_DIALOGUE_1_1,124,SELENE,Señorita...,,,,Miss...,,逃す...,
TIFFANY_DIALOGUE_1_2,125,TIFFANY,... *Le ignora*,,,,...*Ignores him*,,...*彼を無視します*,
TIFFANY_DIALOGUE_1_3,126,SELENE,Señorita...,,,,Miss...,,逃す...,
TIFFANY_DIALOGUE_1_4,127,TIFFANY,... *Le sigue ignorando*,,,,... *continues ignoring him*,,... *彼を無視し続ける*,
TIFFANY_DIALOGUE_1_5,128,CARLOS,SEÑORITAAAA.,,,,MISSYYYY.,,ミッシィィィィィ。,
TIFFANY_DIALOGUE_1_6,129,TIFFANY,¿Pero qué quereis...?,,,,But what do you want...?,,でも何が欲しいの…？,
TIFFANY_DIALOGUE_1_7,130,SELENE,Queríamos preguntarle sobre el hombre con el que estaba.,,,,We wanted to ask her about the man she was with.,,私たちは彼女に、付き合っていた男性について聞きたかったのです。,
TIFFANY_DIALOGUE_1_8,131,TIFFANY,"Ah, sí, mi querido Fernancuchi.",,,,"Ah, yes, my dear Fernancuchi.",,ああ、そうだ、親愛なるフェルナンクチ。,
TIFFANY_DIALOGUE_1_9,132,CARLOS,Fernan....cuchi.,,,,Fernan....cuchi.,,フェルナン……クチ。,
TIFFANY_DIALOGUE_1_10,133,SELENE,Podria hablarnos mas de él.,,,,Could you tell us more about him?,,彼についてもっと詳しく教えてもらえますか？,
TIFFANY_DIALOGUE_1_11,134,TIFFANY,¿Por qué deberia hablar de él?,,,,Why should I talk about him?,,なぜ私が彼のことを話さなければならないのでしょうか？,
TIFFANY_DIALOGUE_1_12,135,CARLOS,Señorita...,,,,Miss...,,逃す...,
TIFFANY_DIALOGUE_1_13,136,TIFFANY,Tiffany Diamond...,,,,Tiffany Diamond...,,ティファニー ダイヤモンド...,
TIFFANY_DIALOGUE_1_14,137,CARLOS,Tiffany.,,,,Tiffany.,,ティファニー。,
TIFFANY_DIALOGUE_1_15,138,CARLOS,Ese hombre con el que estaba... Ha muerto...,,,,That man I was with... He's dead...,,一緒にいたあの男は...死んだ...,
TIFFANY_DIALOGUE_1_16,139,TIFFANY,¿¿Fernan....cuchi ha muerto...??,,,,Fernan....cuchi has died...??,,フェルナン……クチが死んだ……？？,
TIFFANY_DIALOGUE_1_17,140,CARLOS,Sí.,,,,Yeah.,,うん。,
TIFFANY_DIALOGUE_1_18,141,TIFFANY,Lo sabía... ¡El idiota de mi ex lo acabaria matando!,,,,I knew it... My idiot ex would end up killing him!,,分かってたよ…私の馬鹿な元彼が彼を殺すことになるんだよ！,
TIFFANY_DIALOGUE_1_19,142,SELENE,*Pensando* Osea que es cierto que es la ex de Caster.,,,,*Thinking* I mean it's true that she is Caster's ex.,,*感想* つまり、彼女がキャスターの元恋人であることは本当だ。,
TIFFANY_DIALOGUE_1_20,143,CARLOS,¿Podria hablarnos de su relación con Fernanchuchi?,,,,Could you tell us about your relationship with Fernanchuchi?,,フェルナンチュチとの関係について教えていただけますか？,
TIFFANY_DIALOGUE_1_21,144,TIFFANY,"Vale, pero antes de hablar... Tu compañero, o lo que sea eso, ¿es hombre, mujer?",,,,"Okay, but before we talk... Is your partner, or whatever that is, a man, a woman?",,さて、その前に…あなたのパートナー、あるいはそれが何であれ、男性ですか、女性ですか?,
TIFFANY_DIALOGUE_1_22,145,TIFFANY,Lo digo porque para una mujer vaya ropa mas hortera.,,,,"I say this because for a woman, clothes are more tacky.",,なぜこんなことを言うかというと、女性にとって服はダサいものだからです。,
TIFFANY_DIALOGUE_1_23,146,SELENE,Sí.,,,,Yeah.,,うん。,
TIFFANY_DIALOGUE_1_24,147,TIFFANY,¿Cómo que sí?...,,,,How so?...,,どうして？...,
TIFFANY_DIALOGUE_1_25,148,SELENE,Síp.,,,,Yep.,,はい。,
TIFFANY_DIALOGUE_1_26,149,TIFFANY,¿Entonces eres tío o tía? ¿Te importaría responderme?,,,,So are you an uncle or aunt? Would you mind answering me?,,それで、あなたは叔父か叔母ですか？答えていただけませんか？,
TIFFANY_DIALOGUE_1_27,150,CARLOS,Creo que te ha respondido exactamente lo que quería decir.,,,,I think he answered exactly what I wanted to say.,,私の言いたかったことを的確に答えてくれたと思います。,
TIFFANY_DIALOGUE_1_28,151,SELENE,"Bueno, hablenos sobre el hombre con el que estaba por favor. Mi ropa no tiene nada que ver con esto.",,,,"Well, tell us about the man you were with please. My clothes have nothing to do with this.",,では、あなたが一緒にいた男性について教えてください。私の服装はこれとは関係ありません。,
TIFFANY_DIALOGUE_1_29,152,TIFFANY,Era un agente de Hacienda al que le daba información sobre mi ex a cambio de favores... Mi Fernanlindo aun me debe un anillo de Ópalo.,,,,He was a tax agent to whom I gave information about my ex in exchange for favors... My Fernanlindo still owes me an Opal ring.,,彼は税務職員で、私が好意と引き換えに私の元に関する情報を提供したのです...私のフェルナンリンドは今でも私にオパールの指輪を借りています。,
TIFFANY_DIALOGUE_1_30,153,CARLOS,Pues... Va a estar complicado ahora.,,,,Well... It's going to be complicated now.,,そうですね…これからは複雑になってきます。,
TIFFANY_DIALOGUE_1_31,154,SELENE,Creo que ya tenemos lo que necesitamos...,,,,I think we already have what we need...,,必要なものはすでに揃っていると思います...,
TIFFANY_DIALOGUE_1_32,155,,Se ha añadido la informacion de Tiffany al menú de perfiles,,,,Tiffany's information has been added to the profile menu,,プロフィールメニューにティファニーの情報を追加しました,
TIFFANY_DIALOGUE_1_33,156,,Se ha añadido la informacion de Fernando al menú de perfiles,,,,Fernando's information has been added to the profile menu,,,
,157,,,,,,,,,
,158,,,,,,,,,
,159,,,,,,,,,
,160,,,,,,,,,
,161,,,,,,,,,
,162,,,,,,,,,
,163,,,,,,,,,
,164,,,,,,,,,
,165,,,,,,,,,
,166,,,,,,,,,
,167,,,,,,,,,
,168,,,,,,,,,
,169,,,,,,,,,
,170,,,,,,,,,
,171,,,,,,,,,
,172,,,,,,,,,
,173,,,,,,,,,
,174,,,,,,,,,
,175,,,,,,,,,
,176,,,,,,,,,
,177,,,,,,,,,
,178,,,,,,,,,
,179,,,,,,,,,
,180,,,,,,,,,
,181,,,,,,,,,
,182,,,,,,,,,
,183,,,,,,,,,
,184,,,,,,,,,
,185,,,,,,,,,
,186,,,,,,,,,
,187,,,,,,,,,
,188,,,,,,,,,
,189,,,,,,,,,
,190,,,,,,,,,
,191,,,,,,,,,
,192,,,,,,,,,
,193,,,,,,,,,
,194,,,,,,,,,
,195,,,,,,,,,
,196,,,,,,,,,
,197,,,,,,,,,
,198,,,,,,,,,
,199,,,,,,,,,
,200,,,,,,,,,
,201,,,,,,,,,
,202,,,,,,,,,
,203,,,,,,,,,
,204,,,,,,,,,
,205,,,,,,,,,
,206,,,,,,,,,
,207,,,,,,,,,
,208,,,,,,,,,
,209,,,,,,,,,
,210,,,,,,,,,
,211,,,,,,,,,
,212,,,,,,,,,
,213,,,,,,,,,
,214,,,,,,,,,
,215,,,,,,,,,
,216,,,,,,,,,
,217,,,,,,,,,
,218,,,,,,,,,
,219,,,,,,,,,
,220,,,,,,,,,
,221,,,,,,,,,
,222,,,,,,,,,
,223,,,,,,,,,
,224,,,,,,,,,
,225,,,,,,,,,
,226,,,,,,,,,
,227,,,,,,,,,
,228,,,,,,,,,
,229,,,,,,,,,
,230,,,,,,,,,
,231,,,,,,,,,
,232,,,,,,,,,
,233,,,,,,,,,
,234,,,,,,,,,
,235,,,,,,,,,
,236,,,,,,,,,
,237,,,,,,,,,
,238,,,,,,,,,
,239,,,,,,,,,
,240,,,,,,,,,
,241,,,,,,,,,
,242,,,,,,,,,
,243,,,,,,,,,
,244,,,,,,,,,
,245,,,,,,,,,
,246,,,,,,,,,
,247,,,,,,,,,
,248,,,,,,,,,
,249,,,,,,,,,
,250,,,,,,,,,
,251,,,,,,,,,
,252,,,,,,,,,
,253,,,,,,,,,
,254,,,,,,,,,
,255,,,,,,,,,
,256,,,,,,,,,
,257,,,,,,,,,
,258,,,,,,,,,
,259,,,,,,,,,
,260,,,,,,,,,
,261,,,,,,,,,
,262,,,,,,,,,
,263,,,,,,,,,
,264,,,,,,,,,
,265,,,,,,,,,
,266,,,,,,,,,
,267,,,,,,,,,
,268,,,,,,,,,
,269,,,,,,,,,
,270,,,,,,,,,
,271,,,,,,,,,
,272,,,,,,,,,
,273,,,,,,,,,
,274,,,,,,,,,
,275,,,,,,,,,
,276,,,,,,,,,
,277,,,,,,,,,
,278,,,,,,,,,
,279,,,,,,,,,
,280,,,,,,,,,
,281,,,,,,,,,
,282,,,,,,,,,
,283,,,,,,,,,
,284,,,,,,,,,
,285,,,,,,,,,
,286,,,,,,,,,
,287,,,,,,,,,
,288,,,,,,,,,
,289,,,,,,,,,
,290,,,,,,,,,
,291,,,,,,,,,
,292,,,,,,,,,
,293,,,,,,,,,
,294,,,,,,,,,
,295,,,,,,,,,
,296,,,,,,,,,
,297,,,,,,,,,
,298,,,,,,,,,
,299,,,,,,,,,
,300,,,,,,,,,
,301,,,,,,,,,
,302,,,,,,,,,
,303,,,,,,,,,
,304,,,,,,,,,
,305,,,,,,,,,
,306,,,,,,,,,
,307,,,,,,,,,
,308,,,,,,,,,
,309,,,,,,,,,
,310,,,,,,,,,
,311,,,,,,,,,
,312,,,,,,,,,
,313,,,,,,,,,
,314,,,,,,,,,
,315,,,,,,,,,
,316,,,,,,,,,
,317,,,,,,,,,
,318,,,,,,,,,
,319,,,,,,,,,
,320,,,,,,,,,
,321,,,,,,,,,
,322,,,,,,,,,
,323,,,,,,,,,
,324,,,,,,,,,
,325,,,,,,,,,
,326,,,,,,,,,
,327,,,,,,,,,
,328,,,,,,,,,
,329,,,,,,,,,
,330,,,,,,,,,
,331,,,,,,,,,
,332,,,,,,,,,
,333,,,,,,,,,
,334,,,,,,,,,
,335,,,,,,,,,
,336,,,,,,,,,
,337,,,,,,,,,
,338,,,,,,,,,
,339,,,,,,,,,
,340,,,,,,,,,
,341,,,,,,,,,
,342,,,,,,,,,
,343,,,,,,,,,
,344,,,,,,,,,
,345,,,,,,,,,
,346,,,,,,,,,
,347,,,,,,,,,
,348,,,,,,,,,
,349,,,,,,,,,
,350,,,,,,,,,
,351,,,,,,,,,
,352,,,,,,,,,
,353,,,,,,,,,
,354,,,,,,,,,
,355,,,,,,,,,
,356,,,,,,,,,
,357,,,,,,,,,
,358,,,,,,,,,
,359,,,,,,,,,
,360,,,,,,,,,
,361,,,,,,,,,
,362,,,,,,,,,
,363,,,,,,,,,
,364,,,,,,,,,
,365,,,,,,,,,
,366,,,,,,,,,
,367,,,,,,,,,
,368,,,,,,,,,
,369,,,,,,,,,
,370,,,,,,,,,
,371,,,,,,,,,
,372,,,,,,,,,
,373,,,,,,,,,
EASTER_EGG_DIALOGUE_1,374,,Hola,,,,,,,
EASTER_EGG_DIALOGUE_1_2,375,,"Si estas viendo esto o soy yo, o alguien de twitter ya que soy el unico que sabe como se activa este dialogo",,,,,,,
EASTER_EGG_DIALOGUE_1_3,376,,He incluido este dialogo como easter egg solo porque necesito desahogarme sobre el curso.,,,,,,,
EASTER_EGG_DIALOGUE_1_4,377,,"Estas ultimas semanas estan siendo una tortura para mi, bueno en general todo el curso.",,,,,,,
EASTER_EGG_DIALOGUE_1_5,378,,Llevo todo el curso durmiendo apenas 7 horas al dia principalmente porque para cumplir con los plazos de entrega me veo obligado a quedarme hasta la tantas.,,,,,,,
EASTER_EGG_DIALOGUE_1_6,379,,Precisamente estoy escribiendo esto a las 12 de la noche justo despues de terminar de cenar porque salir del curso a las 21:40 me ha destrozado el horario.,,,,,,,
EASTER_EGG_DIALOGUE_1_7,380,,Y seguramente me quede trabajando hasta las 2 am.,,,,,,,
EASTER_EGG_DIALOGUE_1_8,381,,"Escribo esto... Porque ya no aguanto mas llevo semanas en las que practicamente me levanto, hago cosas del curso, voy a clase y vuelvo y vuelvo a hacer cosas del curso.",,,,,,,
EASTER_EGG_DIALOGUE_1_9,382,,Y el poco tiempo libre que tengo lo estoy empleando jugando Minecraft y Ninjala porque es lo unico que me relaja.,,,,,,,
EASTER_EGG_DIALOGUE_1_10,383,,"No me estoy quejando del proyecto, precisamente es con los que menos problemas tengo y lo que mas estoy disfrutando, mi problema es contodo lo demas.",,,,,,,
EASTER_EGG_DIALOGUE_1_11,384,,Y la gota que ha colmado el vaso ha sido algo que nos ha dicho un profesor en la que he sentido que nos llamado vagos por ir retrasados con algunas entregas.,,,,,,,
EASTER_EGG_DIALOGUE_1_12,385,,Parece que os creis que solo tenemos tu asignatura intentaros cordinados un poco.,,,,,,,
EASTER_EGG_DIALOGUE_1_13,386,,"Tengo que hacer este proyecto, otro en VR donde el profesor no hace nada, y las otras son tareas semanales que a duras penas puedo terminar.",,,,,,,
EASTER_EGG_DIALOGUE_1_14,387,,Dedico todo el tiempo que puedo al curso a mejorar como programador y a aprender mas sobre unity y aun asi parece que no es suficiente.,,,,,,,
EASTER_EGG_DIALOGUE_1_15,388,,"Si no me he quejado de la situacion de la clase es porque como delegado he intentado mantenerme lo mas neutral posible, aunque estoy seguro que no soy el unico.",,,,,,,
EASTER_EGG_DIALOGUE_1_16,389,,Estoy harto...,,,,,,,
EASTER_EGG_DIALOGUE_1_17,390,,"Porque me siento tal mal por tener alguna tarea tarde, nos la siguen evaluando.",,,,,,,
EASTER_EGG_DIALOGUE_1_18,391,,", pero mis profesores me hacen sentir que por mucho que haga no es sufiente y me siento mal conmigo mismo.",,,,,,,
EASTER_EGG_DIALOGUE_1_19,392,,"Estan siendo unas semanas muy duras en las que si duermo es solo porque rindo mejor descansado, supongo que es lo que tiene la industria del videojuego.",,,,,,,
EASTER_EGG_DIALOGUE_1_20,393,,Y los profesores hechando mas leña al fuego no ayuda.,,,,,,,
EASTER_EGG_DIALOGUE_1_21,394,,"Por eso estoy incluyendo este mensaje en mi proyecto, no me quejare a los profesores, pero sabiendo que han evaluado algo donde expreso como me siento es sufiente",,,,,,,
EASTER_EGG_DIALOGUE_1_22,395,,Ojala la industria del videojuego no acabe conmigo.,,,,,,,
EASTER_EGG_DIALOGUE_1_23,396,,"Veo este curso de desarrollo de videojuegos como un viaje, un viaje que esta apunto de terminar.",,,,,,,
EASTER_EGG_DIALOGUE_1_24,397,,Si no suspendo nada me quedan 2 semanas de curso tras eso me tomare el mayor descanso de mi vida.,,,,,,,
EASTER_EGG_DIALOGUE_1_25,398,,"Gracias por leer/ver esto. Y por favor no te preocupes por mi, tratare de estar bien.",,,,,,,
EASTER_EGG_DIALOGUE_1_26,399,,Solo queria desahogarme y esta es la mejor manera que se me ha ocurrido hacerlo.,,,,,,,
TEST_DIALOGUE_1_1,400,,Buena esta es la ultima actualizacion mi proyecto de final de final de curso que lo entrego la semana que viene.,,,,,,,
TEST_DIALOGUE_1_2,401,,El primer cambio ya lo habreis notado y es que ahora hay un sonido y musica de fondo.,,,,,,,
TEST_DIALOGUE_1_3,402,,"No se de donde es la musica, creo que es de Honkai Star Rail no estoy seguro.",,,,,,,
TEST_DIALOGUE_1_4,403,,"Lo siguiente es el fondo que esta totalmente terminado, no se ve mucho, adjuntare una imagen completa.",,,,,,,
TEST_DIALOGUE_1_5,404,,Los assests son de un paquete de assests de Itch.io gracias a los que me compañero ha podido diseñar este escenario,,,,,,,
TEST_DIALOGUE_1_6,405,,Las 2 ultimas cosas añadidas son los siguientes:,,,,,,,
TEST_DIALOGUE_1_7,406,,¡SOLO HAY UNA VERDAD!,,,,,,,
TEST_DIALOGUE_1_8,407,,Exacto. Como habras visto hemos añadido una serie de logros que podes programar para que salten cuando queramos.,,,,,,,
TEST_DIALOGUE_1_9,408,,Ademas podemos cambiar la banda sonora de fondo en cualquier momento,,,,,,,
TEST_DIALOGUE_1_10,409,,"Ojala esto de lugar a que en el juego haya situaciones muy tensas, si he conseguido poder incluir la banda sonora de detective conan y un logro con ello.",,,,,,,
TEST_DIALOGUE_1_11,410,,Hay 6 logros que pueden saltar cada uno en determinadas circustancias.,,,,,,,
TEST_DIALOGUE_1_12,411,,Para mi desgracia no tiene pinta que vayamos a terminar toda la historia pero solo se nos pide una alfa funcional.,,,,,,,
TEST_DIALOGUE_1_13,412,,Esta es la ultima actualizacion que hare antes de la presentacion y a lo mejor hago una despues contando que tal ha ido la cosa.,,,,,,,
TEST_DIALOGUE_1_14,413,,Ademas me complace informar que es posible que haga publico esto como proyecto terminado.,,,,,,,
TEST_DIALOGUE_1_15,414,,"Pero sera un proceso largo ya que implicaria: Terminar el juego, quitar los assets con derechos de autor, como la musica y mejorar el juego.",,,,,,,
TEST_DIALOGUE_1_16,415,,Si lo publicamos se haria en Itch.io de forma gratuita y el codigo en GitHub para tenerlo como portfolio de cara a las empresas.,,,,,,,
TEST_DIALOGUE_1_17,416,,"Si lo hacemos sera a lo largo del verano, les pido paciencia.",,,,,,,
TEST_DIALOGUE_2_1,417,,Hola Selene,,,,,,,
TEST_DIALOGUE_2_2,418,,Lamento informarte deberas repetir curso,,,,,,,
TEST_DIALOGUE_3_1,419,,Como cres que me veo en color,,,,,,,
TEST_DIALOGUE_3_2,420,,Aqui estoy del otro lado,,,,,,,
TEST_DIALOGUE_4_1,421,,Carlos creo que este esta un poco quieto,,,,,,,
TEST_DIALOGUE_4_2,422,,Solo es un NPC de pruebas,,,,,,,
TEST_DIALOGUE_4_3,423,,Su unica finalidad es activar esta conversacion,,,,,,,
TEST_DIALOGUE_4_4,424,,Ahora lo entiendo,,,,,,,
TEST_DIALOGUE_5_1,425,,Hola gente de Twitter,,,,,,,
TEST_DIALOGUE_5_2,426,,Este dialogo es para probar que los NPCs pueden enviarte una conversacion,,,,,,,
TEST_DIALOGUE_5_3,427,,"Hoy he podido hacer un gran avance, si os fijais arriba a la izquierda hay un icono que indica que puedo hablar",,,,,,,
TEST_DIALOGUE_5_4,428,,"Ademas gracias a mi compañero ahora estoy a color, me encanta el resultado.",,,,,,,
TEST_DIALOGUE_5_5,429,,Ahora toca ver cual es el siguiente punto del desarollo estare unos dias pensando.,,,,,,,
TEST_DIALOGUE_5_6,430,,"Adios, nos vemos otro dia.",,,,,,,
TEST_DIALOGUE_EVENTS_1,431,,Prueba para añadir la info de Fernando a la libreta de apuntes,,,,,,,
TEST_DIALOGUE_EVENTS_2,432,,La informacion de Fernanchuchi se ha añadido a la libreta,,,,,,,
TEST_DIALOGUE_EVENTS_3,433,,Se ha añadido la informacion del contenido de la bebida a la libreta de apuntes,,,,,,,
TEST_DIALOGUE_EVENTS_4,434,,(Explicacion del crimen),,,,,,,
TEST_DIALOGUE_EVENTS_5,435,,(Fin de la explicación del crimen),,,,,,,
DIALOGUE_SOLO_HAY_UNA_VERDAD,436,,¡SOLO HAY UNA VERDAD!,,,,,,,
TEST_DIALOGUE_OPTIONS_1_1,437,,Hey Selene,,,,,,,
TEST_DIALOGUE_OPTIONS_1_2,438,,Me alegro que ahora ambos nos veamos a color.,,,,,,,
TEST_DIALOGUE_OPTIONS_1_3,439,,Si. ya estamos incluidos dentro del juego,,,,,,,
TEST_DIALOGUE_OPTIONS_1_4,440,,Ojala pronto podamos tener completo a nuestro plantel de personajes.,,,,,,,
TEST_DIALOGUE_OPTIONS_1_5,441,,3.141592653589793238462643383279502884197169399375105820974944592307816406286208998628034825342117067982148086513282306647093844609550582,,,,,,,
TEST_DIALOGUE_OPTIONS_1_6,442,,Pronto empezara el concierto,,,,,,,
TEST_DIALOGUE_OPTIONS_1_7,443,,Porfa no me asesineis,,,,,,,
TEST_DIALOGUE_OPTIONS_1_8,444,,O sea que emocion,,,,,,,
TEST_DIALOGUE_OPTIONS_1_9,445,,Que triste estoy,,,,,,,
TEST_DIALOGUE_OPTIONS_1_10,446,,Ahora en serio.,,,,,,,
TEST_DIALOGUE_OPTIONS_1_11,447,,No puedo evitar tener la sensacion de que te estoy presionando demasiado,,,,,,,
TEST_DIALOGUE_OPTIONS_1_12,448,,No se si tal vez iremos muy justos con el tiempo del proyecto sabiedno que nos queda unicamente el mes de mayo,,,,,,,
TEST_DIALOGUE_OPTIONS_1_13,449,,Yo intentare hacer toda la UI del juego y ver cuando la puedo hacer funcional,,,,,,,
TEST_DIALOGUE_OPTIONS_1_14,450,,Espero que puedas seguir manteniendo el nivel los diseños de los personajes y me muerdo de ganas de ver al resto de personajes ahora si...,,,,,,,
TEST_DIALOGUE_OPTIONS_1_15,451,,Adios,,,,,,,
TEST_DIALOGUE_OPTIONS_2_1,452,,Prueba de opciones de dialogo 2,,,,,,,
TEST_DIALOGUE_OPTIONS_2_2,453,,Tal vez deberia mejorar la interfaz que maneja esto ya que de momento es un poco cutre,,,,,,,
TEST_DIALOGUE_OPTIONS_2_3,454,,Me faltaria hacer que mediante programacion puedas activar los dialogos deshabilitados,,,,,,,
TEST_DIALOGUE_OPTIONS_2_4,455,,El siguiente dialogo es relleno,,,,,,,
TEST_DIALOGUE_OPTIONS_2_5,456,,aaaaaaaaaaaaaaaaaaaaah,,,,,,,
,457,,,,,,,,,
,458,,,,,,,,,
,459,,,,,,,,,
,460,,,,,,,,,
,461,,,,,,,,,
,462,,,,,,,,,
,463,,,,,,,,,
,464,,,,,,,,,
,465,,,,,,,,,
,466,,,,,,,,,
,467,,,,,,,,,
,468,,,,,,,,,
,469,,,,,,,,,
,470,,,,,,,,,
,471,,,,,,,,,
,472,,,,,,,,,
,473,,,,,,,,,
,474,,,,,,,,,
,475,,,,,,,,,
,476,,,,,,,,,
,477,,,,,,,,,
,478,,,,,,,,,
,479,,,,,,,,,
,480,,,,,,,,,
,481,,,,,,,,,
,482,,,,,,,,,
,483,,,,,,,,,
,484,,,,,,,,,
,485,,,,,,,,,
,486,,,,,,,,,
,487,,,,,,,,,
,488,,,,,,,,,
,489,,,,,,,,,
,490,,,,,,,,,
,491,,,,,,,,,
,492,,,,,,,,,
,493,,,,,,,,,
,494,,,,,,,,,
,495,,,,,,,,,
,496,,,,,,,,,
,497,,,,,,,,,
,498,,,,,,,,,
,499,,,,,,,,,
,500,,,,,,,,,
,501,,,,,,,,,
,502,,,,,,,,,
,503,,,,,,,,,
,504,,,,,,,,,
,505,,,,,,,,,
,506,,,,,,,,,
,507,,,,,,,,,
,508,,,,,,,,,
,509,,,,,,,,,
,510,,,,,,,,,
,511,,,,,,,,,
,512,,,,,,,,,
,513,,,,,,,,,
,514,,,,,,,,,
,515,,,,,,,,,
,516,,,,,,,,,
,517,,,,,,,,,
,518,,,,,,,,,
,519,,,,,,,,,
,520,,,,,,,,,
,521,,,,,,,,,
,522,,,,,,,,,
,523,,,,,,,,,
,524,,,,,,,,,
,525,,,,,,,,,
,526,,,,,,,,,
,527,,,,,,,,,
,528,,,,,,,,,
,529,,,,,,,,,
,530,,,,,,,,,
,531,,,,,,,,,
,532,,,,,,,,,
,533,,,,,,,,,
,534,,,,,,,,,
,535,,,,,,,,,
,536,,,,,,,,,
,537,,,,,,,,,
,538,,,,,,,,,
,539,,,,,,,,,
,540,,,,,,,,,
,541,,,,,,,,,
,542,,,,,,,,,
,543,,,,,,,,,
,544,,,,,,,,,
,545,,,,,,,,,
,546,,,,,,,,,
,547,,,,,,,,,
,548,,,,,,,,,
,549,,,,,,,,,
,550,,,,,,,,,
,551,,,,,,,,,
,552,,,,,,,,,
,553,,,,,,,,,
,554,,,,,,,,,
,555,,,,,,,,,
,556,,,,,,,,,
,557,,,,,,,,,
,558,,,,,,,,,
,559,,,,,,,,,
,560,,,,,,,,,
,561,,,,,,,,,
,562,,,,,,,,,
,563,,,,,,,,,
,564,,,,,,,,,
,565,,,,,,,,,
,566,,,,,,,,,
,567,,,,,,,,,
,568,,,,,,,,,
,569,,,,,,,,,
,570,,,,,,,,,
,571,,,,,,,,,
,572,,,,,,,,,
,573,,,,,,,,,
,574,,,,,,,,,
,575,,,,,,,,,
,576,,,,,,,,,
,577,,,,,,,,,
,578,,,,,,,,,
,579,,,,,,,,,
,580,,,,,,,,,
,581,,,,,,,,,
,582,,,,,,,,,
,583,,,,,,,,,
,584,,,,,,,,,
,585,,,,,,,,,
,586,,,,,,,,,
,587,,,,,,,,,
,588,,,,,,,,,
,589,,,,,,,,,
,590,,,,,,,,,
,591,,,,,,,,,
,592,,,,,,,,,
,593,,,,,,,,,
,594,,,,,,,,,
,595,,,,,,,,,
,596,,,,,,,,,
,597,,,,,,,,,
,598,,,,,,,,,
,599,,,,,,,,,
,600,,,,,,,,,
,601,,,,,,,,,
,602,,,,,,,,,
,603,,,,,,,,,
,604,,,,,,,,,
,605,,,,,,,,,
,606,,,,,,,,,
,607,,,,,,,,,
,608,,,,,,,,,
,609,,,,,,,,,
,610,,,,,,,,,
,611,,,,,,,,,
,612,,,,,,,,,
,613,,,,,,,,,
,614,,,,,,,,,
,615,,,,,,,,,
,616,,,,,,,,,
,617,,,,,,,,,
,618,,,,,,,,,
,619,,,,,,,,,
,620,,,,,,,,,
,621,,,,,,,,,
,622,,,,,,,,,
,623,,,,,,,,,
,624,,,,,,,,,
,625,,,,,,,,,
,626,,,,,,,,,
,627,,,,,,,,,
,628,,,,,,,,,
,629,,,,,,,,,
,630,,,,,,,,,
,631,,,,,,,,,
,632,,,,,,,,,
,633,,,,,,,,,
,634,,,,,,,,,
,635,,,,,,,,,
,636,,,,,,,,,
,637,,,,,,,,,
,638,,,,,,,,,
,639,,,,,,,,,
,640,,,,,,,,,
,641,,,,,,,,,
,642,,,,,,,,,
,643,,,,,,,,,
,644,,,,,,,,,
,645,,,,,,,,,
,646,,,,,,,,,
,647,,,,,,,,,
,648,,,,,,,,,
,649,,,,,,,,,
,650,,,,,,,,,
,651,,,,,,,,,
,652,,,,,,,,,
,653,,,,,,,,,
,654,,,,,,,,,
,655,,,,,,,,,
,656,,,,,,,,,
,657,,,,,,,,,
,658,,,,,,,,,
,659,,,,,,,,,
,660,,,,,,,,,
,661,,,,,,,,,
,662,,,,,,,,,
,663,,,,,,,,,
,664,,,,,,,,,
,665,,,,,,,,,
,666,,,,,,,,,
,667,,,,,,,,,
,668,,,,,,,,,
,669,,,,,,,,,
,670,,,,,,,,,
,671,,,,,,,,,
,672,,,,,,,,,
,673,,,,,,,,,
,674,,,,,,,,,
,675,,,,,,,,,
,676,,,,,,,,,
,677,,,,,,,,,
,678,,,,,,,,,
,679,,,,,,,,,
,680,,,,,,,,,
,681,,,,,,,,,
,682,,,,,,,,,
,683,,,,,,,,,
,684,,,,,,,,,
,685,,,,,,,,,
,686,,,,,,,,,
,687,,,,,,,,,
,688,,,,,,,,,
,689,,,,,,,,,
,690,,,,,,,,,
,691,,,,,,,,,
,692,,,,,,,,,
,693,,,,,,,,,
,694,,,,,,,,,
,695,,,,,,,,,
,696,,,,,,,,,
,697,,,,,,,,,
,698,,,,,,,,,
,699,,,,,,,,,
,700,,,,,,,,,
,701,,,,,,,,,
,702,,,,,,,,,
,703,,,,,,,,,
,704,,,,,,,,,
,705,,,,,,,,,
,706,,,,,,,,,
,707,,,,,,,,,
,708,,,,,,,,,
,709,,,,,,,,,
,710,,,,,,,,,
,711,,,,,,,,,
,712,,,,,,,,,
,713,,,,,,,,,
,714,,,,,,,,,
,715,,,,,,,,,
,716,,,,,,,,,
,717,,,,,,,,,
,718,,,,,,,,,
,719,,,,,,,,,
,720,,,,,,,,,
,721,,,,,,,,,
,722,,,,,,,,,
,723,,,,,,,,,
,724,,,,,,,,,
,725,,,,,,,,,
,726,,,,,,,,,
,727,,,,,,,,,
,728,,,,,,,,,
,729,,,,,,,,,
,730,,,,,,,,,
,731,,,,,,,,,
,732,,,,,,,,,
,733,,,,,,,,,
,734,,,,,,,,,
,735,,,,,,,,,
,736,,,,,,,,,
,737,,,,,,,,,
,738,,,,,,,,,
,739,,,,,,,,,
,740,,,,,,,,,
,741,,,,,,,,,
,742,,,,,,,,,
,743,,,,,,,,,
,744,,,,,,,,,
,745,,,,,,,,,
,746,,,,,,,,,
,747,,,,,,,,,
,748,,,,,,,,,
,749,,,,,,,,,
,750,,,,,,,,,
,751,,,,,,,,,
,752,,,,,,,,,
,753,,,,,,,,,
,754,,,,,,,,,
,755,,,,,,,,,
,756,,,,,,,,,
,757,,,,,,,,,
,758,,,,,,,,,
,759,,,,,,,,,
,760,,,,,,,,,
,761,,,,,,,,,
,762,,,,,,,,,
,763,,,,,,,,,
,764,,,,,,,,,
,765,,,,,,,,,
,766,,,,,,,,,
,767,,,,,,,,,
,768,,,,,,,,,
,769,,,,,,,,,
,770,,,,,,,,,
,771,,,,,,,,,
,772,,,,,,,,,
,773,,,,,,,,,
,774,,,,,,,,,
,775,,,,,,,,,
,776,,,,,,,,,
,777,,,,,,,,,
,778,,,,,,,,,
,779,,,,,,,,,
,780,,,,,,,,,
,781,,,,,,,,,
,782,,,,,,,,,
,783,,,,,,,,,
,784,,,,,,,,,
,785,,,,,,,,,
,786,,,,,,,,,
,787,,,,,,,,,
,788,,,,,,,,,
,789,,,,,,,,,
,790,,,,,,,,,
,791,,,,,,,,,
,792,,,,,,,,,
,793,,,,,,,,,
,794,,,,,,,,,
,795,,,,,,,,,
,796,,,,,,,,,
,797,,,,,,,,,
,798,,,,,,,,,
,799,,,,,,,,,
,800,,,,,,,,,
,801,,,,,,,,,
,802,,,,,,,,,
,803,,,,,,,,,
,804,,,,,,,,,
,805,,,,,,,,,
,806,,,,,,,,,
,807,,,,,,,,,
,808,,,,,,,,,
,809,,,,,,,,,
,810,,,,,,,,,
,811,,,,,,,,,
,812,,,,,,,,,
,813,,,,,,,,,
,814,,,,,,,,,
,815,,,,,,,,,
,816,,,,,,,,,
,817,,,,,,,,,
,818,,,,,,,,,
,819,,,,,,,,,
,820,,,,,,,,,
,821,,,,,,,,,
,822,,,,,,,,,
,823,,,,,,,,,
,824,,,,,,,,,
,825,,,,,,,,,
,826,,,,,,,,,
,827,,,,,,,,,
,828,,,,,,,,,
,829,,,,,,,,,
,830,,,,,,,,,
,831,,,,,,,,,
,832,,,,,,,,,
,833,,,,,,,,,
,834,,,,,,,,,
,835,,,,,,,,,
,836,,,,,,,,,
,837,,,,,,,,,
,838,,,,,,,,,
,839,,,,,,,,,
,840,,,,,,,,,
,841,,,,,,,,,
,842,,,,,,,,,
,843,,,,,,,,,
,844,,,,,,,,,
,845,,,,,,,,,
,846,,,,,,,,,
,847,,,,,,,,,
,848,,,,,,,,,
,849,,,,,,,,,
,850,,,,,,,,,
,851,,,,,,,,,
,852,,,,,,,,,
,853,,,,,,,,,
,854,,,,,,,,,
,855,,,,,,,,,
,856,,,,,,,,,
,857,,,,,,,,,
,858,,,,,,,,,
,859,,,,,,,,,
,860,,,,,,,,,
,861,,,,,,,,,
,862,,,,,,,,,
,863,,,,,,,,,
,864,,,,,,,,,
,865,,,,,,,,,
,866,,,,,,,,,
,867,,,,,,,,,
,868,,,,,,,,,
,869,,,,,,,,,
,870,,,,,,,,,
,871,,,,,,,,,
,872,,,,,,,,,
,873,,,,,,,,,
,874,,,,,,,,,
,875,,,,,,,,,
,876,,,,,,,,,
,877,,,,,,,,,
,878,,,,,,,,,
,879,,,,,,,,,
,880,,,,,,,,,
,881,,,,,,,,,
,882,,,,,,,,,
,883,,,,,,,,,
,884,,,,,,,,,
,885,,,,,,,,,
,886,,,,,,,,,
,887,,,,,,,,,
,888,,,,,,,,,
,889,,,,,,,,,
,890,,,,,,,,,
,891,,,,,,,,,
,892,,,,,,,,,
,893,,,,,,,,,
,894,,,,,,,,,
,895,,,,,,,,,
,896,,,,,,,,,
,897,,,,,,,,,
,898,,,,,,,,,
,899,,,,,,,,,
,900,,,,,,,,,
,901,,,,,,,,,
,902,,,,,,,,,
,903,,,,,,,,,
,904,,,,,,,,,
,905,,,,,,,,,
,906,,,,,,,,,
,907,,,,,,,,,
,908,,,,,,,,,
,909,,,,,,,,,
,910,,,,,,,,,
,911,,,,,,,,,
,912,,,,,,,,,
,913,,,,,,,,,
,914,,,,,,,,,
,915,,,,,,,,,
,916,,,,,,,,,
,917,,,,,,,,,
,918,,,,,,,,,
,919,,,,,,,,,
,920,,,,,,,,,
,921,,,,,,,,,
,922,,,,,,,,,
,923,,,,,,,,,
,924,,,,,,,,,
,925,,,,,,,,,
,926,,,,,,,,,
,927,,,,,,,,,
,928,,,,,,,,,
,929,,,,,,,,,
,930,,,,,,,,,
,931,,,,,,,,,
,932,,,,,,,,,
,933,,,,,,,,,
,934,,,,,,,,,
,935,,,,,,,,,
,936,,,,,,,,,
,937,,,,,,,,,
,938,,,,,,,,,
,939,,,,,,,,,
,940,,,,,,,,,
,941,,,,,,,,,
,942,,,,,,,,,
,943,,,,,,,,,
,944,,,,,,,,,
,945,,,,,,,,,
,946,,,,,,,,,
,947,,,,,,,,,
,948,,,,,,,,,
,949,,,,,,,,,
,950,,,,,,,,,
,951,,,,,,,,,
,952,,,,,,,,,
,953,,,,,,,,,
,954,,,,,,,,,
,955,,,,,,,,,
,956,,,,,,,,,
,957,,,,,,,,,
,958,,,,,,,,,
,959,,,,,,,,,
,960,,,,,,,,,
,961,,,,,,,,,
,962,,,,,,,,,
,963,,,,,,,,,
,964,,,,,,,,,
,965,,,,,,,,,
,966,,,,,,,,,
,967,,,,,,,,,
,968,,,,,,,,,
,969,,,,,,,,,
,970,,,,,,,,,
,971,,,,,,,,,
,972,,,,,,,,,
,973,,,,,,,,,
,974,,,,,,,,,
,975,,,,,,,,,
,976,,,,,,,,,
,977,,,,,,,,,
,978,,,,,,,,,
,979,,,,,,,,,
,980,,,,,,,,,
,981,,,,,,,,,
,982,,,,,,,,,
,983,,,,,,,,,
,984,,,,,,,,,
,985,,,,,,,,,
,986,,,,,,,,,
,987,,,,,,,,,
,988,,,,,,,,,
,989,,,,,,,,,
,990,,,,,,,,,
,991,,,,,,,,,
,992,,,,,,,,,
,993,,,,,,,,,
,994,,,,,,,,,
,995,,,,,,,,,
,996,,,,,,,,,
,997,,,,,,,,,
,998,,,,,,,,,
,999,,,,,,,,,
,1000,,,,,,,,,
,1001,,,,,,,,,
,1002,,,,,,,,,
,1003,,,,,,,,,
,1004,,,,,,,,,
,1005,,,,,,,,,
,1006,,,,,,,,,